Statistiche Fantacalcio Stagione 2024 25,,,,,,,,,,,,,,,,,
Id,R,Rm,Nome,Squadra,Pv,Mv,Fm,Gf,Gs,Rp,Rc,R+,R-,Ass,Amm,Esp,Au
572,P,Por,Meret,Napoli,18,6.36,5.81,0,13,1,0,0,0,0,0,0,0
2521,P,Por,De Gea,Fiorentina,17,6.53,5.82,0,18,2,0,0,0,0,0,0,0
2170,P,Por,Milinkovic-Savic V.,Torino,21,6.38,5.55,0,23,2,0,0,0,0,1,0,0
2428,P,Por,Sommer,Inter,20,6.1,5.35,0,18,1,0,0,0,0,0,0,0
4312,P,Por,Maignan,Milan,20,6.22,5.3,0,21,1,0,0,0,0,1,0,0
4431,P,Por,Carnesecchi,Atalanta,20,6.38,5.18,0,24,0,0,0,0,0,0,0,0
188,P,Por,Leali,Genoa,14,6.21,5.18,0,15,1,0,0,0,0,1,0,1
5876,P,Por,Di Gregorio,Juventus,16,6.09,5.22,0,14,0,0,0,0,0,0,0,0
6248,P,Por,Stankovic F.,Venezia,14,6.61,5.21,0,22,1,0,0,0,0,1,0,0
5841,P,Por,Svilar,Roma,21,6.26,4.95,0,27,0,0,0,0,0,1,0,0
6125,P,Por,Vasquez D.,Empoli,20,6.1,4.95,0,25,1,0,0,0,0,2,0,0
4867,P,Por,Turati,Monza,18,6.28,4.81,0,29,1,0,0,0,0,1,0,0
133,P,Por,Skorupski,Bologna,13,6.15,4.88,0,19,1,0,0,0,0,1,0,0
2814,P,Por,Provedel,Lazio,21,6,4.67,0,28,0,0,0,0,0,0,0,0
2134,P,Por,Falcone,Lecce,21,6.29,4.69,0,36,1,0,0,0,0,1,0,0
387,P,Por,Reina,Como,10,6,4.8,0,12,0,0,0,0,0,0,0,0
6641,P,Por,Suzuki,Parma,20,6.18,4.58,0,31,0,0,0,0,0,0,1,0
4360,P,Por,Caprile,Cagliari,7,6.36,5.64,0,5,0,0,0,0,0,0,0,0
2722,P,Por,Ravaglia F.,Bologna,7,6,5,0,7,0,0,0,0,0,0,0,0
6842,P,Por,Sava,Udinese,7,6.29,4.64,0,11,0,0,0,0,0,1,0,0
218,P,Por,Perin,Juventus,5,6.1,5.5,0,3,0,0,0,0,0,0,0,0
6462,P,Por,Okoye,Udinese,14,6.07,4.39,0,21,0,0,0,0,0,1,0,1
6650,P,Por,Sherri,Cagliari,6,5.83,4.33,0,9,0,0,0,0,0,0,0,0
2792,P,Por,Musso,Atalanta,1,6,6,0,0,0,0,0,0,0,0,0,0
574,P,Por,Scuffet,Napoli,13,5.85,4.08,0,23,0,0,0,0,0,0,0,0
4957,P,Por,Montipo',Verona,20,6.25,3.85,0,46,0,0,0,0,0,0,0,1
6966,P,Por,Butez,Como,2,6.25,5.25,0,2,0,0,0,0,0,0,0,0
2815,P,Por,Terracciano,Fiorentina,3,6.17,5.17,0,3,0,0,0,0,0,0,0,0
761,P,Por,Audero,Como,8,6,3.75,0,18,0,0,0,0,0,0,0,0
610,P,Por,Gollini,Roma,7,5.86,4.07,0,15,1,0,0,0,0,1,0,0
4425,P,Por,Joronen,Venezia,7,5.64,3.64,0,12,0,0,0,0,0,0,0,1
2297,P,Por,Rossi F.,Atalanta,0,0,0,0,0,0,0,0,0,0,0,0,0
5822,P,Por,Bagnolini,Bologna,0,0,0,0,0,0,0,0,0,0,0,0,0
3,P,Por,Radunovic,Cagliari,0,0,0,0,0,0,0,0,0,0,0,0,0
2809,P,Por,Vigorito,Como,0,0,0,0,0,0,0,0,0,0,0,0,0
6651,P,Por,Chiorra,Empoli,0,0,0,0,0,0,0,0,0,0,0,0,0
673,P,Por,Perisan,Empoli,0,0,0,0,0,0,0,0,0,0,0,0,0
6403,P,Por,Christensen O.,Fiorentina,0,0,0,0,0,0,0,0,0,0,0,0,0
6184,P,Por,Martinelli T.,Fiorentina,0,0,0,0,0,0,0,0,0,0,0,0,0
219,P,Por,Sommariva,Genoa,0,0,0,0,0,0,0,0,0,0,0,0,0
1926,P,Por,Di Gennaro,Inter,0,0,0,0,0,0,0,0,0,0,0,0,0
5116,P,Por,Martinez Jo.,Inter,0,0,0,0,0,0,0,0,0,0,0,0,0
1930,P,Por,Pinsoglio,Juventus,0,0,0,0,0,0,0,0,0,0,0,0,0
6417,P,Por,Furlanetto,Lazio,0,0,0,0,0,0,0,0,0,0,0,0,0
6482,P,Por,Mandas,Lazio,0,0,0,0,0,0,0,0,0,0,0,0,0
2401,P,Por,Fruchtl,Lecce,0,0,0,0,0,0,0,0,0,0,0,0,0
6523,P,Por,Samooja,Lecce,0,0,0,0,0,0,0,0,0,0,0,0,0
6505,P,Por,Nava,Milan,0,0,0,0,0,0,0,0,0,0,0,0,0
4,P,Por,Sportiello,Milan,0,0,0,0,0,0,0,0,0,0,0,0,0
2178,P,Por,Cragno,Monza,0,0,0,0,0,0,0,0,0,0,0,0,0
5853,P,Por,Sorrentino A.,Monza,0,0,0,0,0,0,0,0,0,0,0,0,0
2845,P,Por,Contini,Napoli,0,0,0,0,0,0,0,0,0,0,0,0,0
6661,P,Por,Chichizola,Parma,1,5,2,0,3,0,0,0,0,0,0,0,0
6662,P,Por,Corvi,Parma,0,0,0,0,0,0,0,0,0,0,0,0,0
5338,P,Por,Rinaldi,Parma,0,0,0,0,0,0,0,0,0,0,0,0,0
5304,P,Por,Boer,Roma,0,0,0,0,0,0,0,0,0,0,0,0,0
5384,P,Por,Ryan,Roma,0,0,0,0,0,0,0,0,0,0,0,0,0
5320,P,Por,Paleari,Torino,1,6.5,3.5,0,3,0,0,0,0,0,0,0,0
6210,P,Por,Popa,Torino,0,0,0,0,0,0,0,0,0,0,0,0,0
543,P,Por,Padelli,Udinese,0,0,0,0,0,0,0,0,0,0,0,0,0
5521,P,Por,Bertinato,Venezia,0,0,0,0,0,0,0,0,0,0,0,0,0
6671,P,Por,Grandi,Venezia,0,0,0,0,0,0,0,0,0,0,0,0,0
4491,P,Por,Berardi A.,Verona,0,0,0,0,0,0,0,0,0,0,0,0,0
511,P,Por,Perilli,Verona,1,6,5,0,1,0,0,0,0,0,0,0,0
6682,P,Por,Pizzignacco,Monza,3,6.33,5.67,0,2,0,0,0,0,0,0,0,0
4351,P,Por,Brancolini,Empoli,0,0,0,0,0,0,0,0,0,0,0,0,0
4929,P,Por,Ciocci,Cagliari,0,0,0,0,0,0,0,0,0,0,0,0,0
6813,P,Por,Torriani,Milan,0,0,0,0,0,0,0,0,0,0,0,0,0
216,P,Por,Donnarumma An.,Torino,0,0,0,0,0,0,0,0,0,0,0,0,0
2211,P,Por,Silvestri,Udinese,0,0,0,0,0,0,0,0,0,0,0,0,0
6824,P,Por,Marin Re.,Roma,0,0,0,0,0,0,0,0,0,0,0,0,0
4270,P,Por,Rui Patricio,Atalanta,0,0,0,0,0,0,0,0,0,0,0,0,0
2091,P,Por,Plizzari,Venezia,0,0,0,0,0,0,0,0,0,0,0,0,0
6919,P,Por,Seghetti,Empoli,1,6.5,3.5,0,3,0,0,0,0,0,0,0,0
5707,P,Por,Piana,Udinese,0,0,0,0,0,0,0,0,0,0,0,0,0
6970,P,Por,Selvik,Udinese,0,0,0,0,0,0,0,0,0,0,0,0,0
797,P,Por,Marcone,Parma,0,0,0,0,0,0,0,0,0,0,0,0,0
6569,P,Por,Stolz,Genoa,0,0,0,0,0,0,0,0,0,0,0,0,0
254,D,E,Dimarco,Inter,18,6.44,7.06,3,0,0,0,0,0,3,2,0,0
5513,D,E,Dumfries,Inter,17,6.24,7.09,5,0,0,0,0,0,1,3,0,0
2816,D,B;Dd;E,Di Lorenzo,Napoli,21,6.24,6.64,3,0,0,0,0,0,1,3,0,0
2120,D,Dc,Bastoni,Inter,18,6.5,6.83,1,0,0,0,0,0,4,2,0,0
4433,D,Dd;Ds;E,Zortea,Cagliari,19,6,6.74,5,0,0,0,0,0,0,2,0,0
5620,D,Ds;E,Tavares N.,Lazio,16,6.31,6.62,0,0,0,0,0,0,7,2,1,0
554,D,E,Zappacosta,Atalanta,16,6.09,6.56,2,0,0,0,0,0,2,1,0,0
2724,D,Dc,Buongiorno,Napoli,15,6.43,6.6,1,0,0,0,0,0,0,1,0,0
5877,D,E,Carlos Augusto,Inter,12,6.21,6.79,2,0,0,0,0,0,1,0,0,0
2160,D,E,Gosens,Fiorentina,18,6.11,6.33,2,0,0,0,0,0,0,4,0,0
2525,D,B;Dd;E,Darmian,Inter,16,6.16,6.47,2,0,0,0,0,0,2,2,0,1
5520,D,Dd;Ds;E,Cambiaso,Juventus,19,6.18,6.42,2,0,0,0,0,0,0,3,0,0
4530,D,Ds;E,Kyriakopoulos,Monza,18,6.06,6.47,2,0,0,0,0,0,3,3,0,0
4292,D,Ds;E,Hernandez T.,Milan,17,5.94,6.29,3,0,0,1,0,1,2,2,1,0
4409,D,Dc,Rrahmani,Napoli,21,6.21,6.36,1,0,0,0,0,0,1,2,0,0
6664,D,B;Dd;E,Delprato,Parma,19,6.08,6.34,3,2,0,0,0,0,0,4,0,0
2296,D,Dc,Mancini,Roma,21,6.17,6.26,1,0,0,0,0,0,1,4,0,0
6802,D,B;Dd;E,Savona,Juventus,18,6,6.28,2,0,0,0,0,0,0,2,0,0
5010,D,Dc,Ismajli,Empoli,21,6.17,6.14,0,0,0,0,0,0,0,1,0,0
5804,D,Ds;E,Cacace,Empoli,14,5.89,6.36,2,0,0,0,0,0,2,4,0,0
770,D,Ds;E,Pezzella Giu.,Empoli,20,6.18,6.18,0,0,0,0,0,0,2,4,0,0
322,D,Dc,De Vrij,Inter,14,6.04,6.25,1,0,0,0,0,0,0,0,0,0
5831,D,Dc,Gatti,Juventus,19,6.13,6.24,1,0,0,0,0,0,0,2,0,0
4401,D,Dc,Gabbia,Milan,12,6.21,6.33,1,0,0,0,0,0,0,3,0,0
5862,D,Ds;E,Valeri,Parma,17,5.85,6.15,1,0,0,0,0,0,2,0,0,0
4887,D,E,Bellanova,Atalanta,20,6.08,6.28,0,0,0,0,0,0,5,2,0,0
393,D,Dc,Luperto,Cagliari,22,5.93,6.11,1,0,0,0,0,0,2,2,0,0
5718,D,Dc,Viti,Empoli,19,6.11,6.08,0,0,0,0,0,0,0,1,0,0
5885,D,Dd;E,Dodo',Fiorentina,19,6.21,6.08,0,0,0,0,0,0,0,5,0,0
6257,D,Ds;E,Dorgu,Lecce,20,5.82,6.12,3,0,0,0,0,0,1,2,1,1
4976,D,Dd;Dc,Kalulu,Juventus,17,6.15,6.26,1,0,0,0,0,0,0,2,0,0
49,D,B;Ds;E,Masina,Torino,18,5.97,6.19,1,0,0,0,0,0,3,4,0,0
5354,D,E,Ruggeri,Atalanta,17,6,6.06,0,0,0,0,0,0,2,2,0,0
6202,D,Dc,Beukema,Bologna,20,5.98,6.02,0,0,0,0,0,0,1,0,0,0
2593,D,Ds;E,Martin,Genoa,20,6.1,6.05,0,0,0,0,0,0,1,4,0,0
5840,D,B;Ds;E,Olivera,Napoli,20,6.08,6.02,0,0,0,0,0,0,0,2,0,0
4772,D,Ds;E,Angelino,Roma,21,6.05,6.07,0,0,0,0,0,0,1,1,0,0
4385,D,E,Lazaro,Torino,19,6.05,6.18,0,0,0,0,0,0,4,3,0,0
5847,D,Dc,Bijol,Udinese,19,5.97,5.97,1,0,0,0,0,0,2,6,0,1
5555,D,Ds;E,Kamara H.,Udinese,16,5.97,6.12,1,0,0,0,0,0,2,3,1,0
6211,D,Ds;E,Zemura,Udinese,15,5.87,6.13,1,0,0,0,0,0,2,2,0,0
5899,D,Dc,Gigot,Lazio,4,6.25,7.5,2,0,0,0,0,0,0,2,0,0
2515,D,B;Dd;E,Walker,Milan,0,0,0,0,0,0,0,0,0,0,0,0,0
4734,D,Ds;E,Miranda J.,Bologna,15,6.07,6.17,0,0,0,0,0,0,3,3,0,0
5701,D,Dc,Obert,Cagliari,12,6.04,6.29,1,0,0,0,0,0,1,2,0,0
6217,D,Dc,Bisseck,Inter,12,6,6.21,1,0,0,0,0,0,1,3,0,0
5833,D,Dc,Gila,Lazio,17,6.03,5.94,1,0,0,0,0,0,0,5,0,1
5678,D,Dd;E,Holm,Bologna,8,6.12,6.5,1,0,0,0,0,0,1,3,0,0
4210,D,Dc,Mina,Cagliari,18,6,5.83,0,0,0,0,0,0,0,4,1,0
4461,D,B;Dd;E,Zappa,Cagliari,22,5.7,5.91,2,0,0,0,0,0,0,3,0,0
4421,D,Ds;E,Augello,Cagliari,21,5.86,5.95,0,0,0,0,0,0,3,2,0,0
2788,D,Dc,Bremer,Juventus,6,6.5,6.42,0,0,0,0,0,0,0,1,0,0
6632,D,Dc,Gaspar K.,Lecce,15,6.03,6,0,0,0,0,0,0,1,3,0,0
729,D,Dd;E,Pereira P.,Monza,17,5.91,6.09,1,0,0,0,0,0,2,5,0,0
5838,D,Dd;Ds;E,Birindelli,Monza,8,6.06,6.38,1,0,0,0,0,0,0,1,0,0
5307,D,Dc,Valenti,Parma,6,6,6.33,1,0,0,0,0,0,0,2,0,0
4317,D,Dc,N'Dicka,Roma,21,5.9,5.86,0,0,0,0,0,0,0,2,0,0
6642,D,Dc,Coco,Torino,20,5.88,5.92,2,0,0,0,0,0,0,6,0,1
5677,D,Dc,Perez N.,Udinese,2,6.25,6.25,0,0,0,0,0,0,0,0,0,0
6047,D,Dd;E,Ehizibue,Udinese,20,5.95,5.9,0,0,0,0,0,0,1,4,0,0
6672,D,Dc,Idzes,Venezia,19,5.87,5.95,1,0,0,0,0,0,0,3,0,0
5022,D,Dc,Pavlovic,Milan,8,6,6.31,1,0,0,0,0,0,0,1,0,0
6893,D,Dc,Kempf,Como,18,5.94,5.86,0,0,0,0,0,0,0,3,0,0
6046,D,Dc,Hien,Atalanta,17,6.06,5.91,0,0,0,0,0,0,0,5,0,0
6230,D,Dc,Dossena,Como,17,5.85,5.91,0,0,0,0,0,0,2,0,1,0
2602,D,Dc,Varane,Como,0,0,0,0,0,0,0,0,0,0,0,0,0
6537,D,Dd;Dc,Goglichidze,Empoli,18,5.86,5.81,0,0,0,0,0,0,0,0,1,0
5323,D,Dc,Martinez Quarta,Fiorentina,7,5.86,6.21,1,0,0,0,0,0,0,1,0,0
4378,D,Ds;Dc,Ranieri L.,Fiorentina,19,5.79,5.82,0,0,0,0,0,0,2,3,0,0
5449,D,Ds;E,Parisi,Fiorentina,6,5.92,6.42,1,0,0,0,0,0,0,0,0,0
6245,D,Dd;Dc,Vogliacco,Parma,12,5.75,6.12,2,0,0,0,0,0,0,3,0,0
5527,D,Dd;E,Zanoli,Genoa,17,5.94,5.88,0,0,0,0,0,0,0,2,0,0
791,D,Dd;Ds;E,Sabelli,Genoa,17,5.82,5.82,0,0,0,0,0,0,1,2,0,0
4177,D,Dd;Dc,Pavard,Inter,13,5.96,5.92,0,0,0,0,0,0,1,3,0,0
4237,D,B;Dd;Ds,Danilo,Juventus,8,5.44,5.44,0,0,0,0,0,0,1,2,0,0
2263,D,Dd;E,Lazzari,Lazio,14,6,6.04,0,0,0,0,0,0,1,1,0,0
2188,D,Dd;Ds;E,Marusic,Lazio,15,5.87,6.03,1,0,0,0,0,0,0,1,0,0
4751,D,Dc,Tomori,Milan,9,5.78,5.72,0,0,0,0,0,0,0,1,0,0
4245,D,Dc,Smalling,Roma,0,0,0,0,0,0,0,0,0,0,0,0,0
1952,D,Dd;Ds;E,Zampano,Venezia,19,5.79,5.92,1,0,0,0,0,0,2,5,0,0
2130,D,E,Hateboer,Atalanta,0,0,0,0,0,0,0,0,0,0,0,0,0
6042,D,Dc,Lucumi',Bologna,16,5.91,5.75,0,0,0,0,0,0,1,5,1,0
2653,D,Ds;E,Lykogiannis,Bologna,8,6.06,6.25,0,0,0,0,0,0,2,1,0,0
513,D,Dc,Acerbi,Inter,9,6,6.11,0,0,0,0,0,0,1,0,0,0
2728,D,Ds;E,Pellegrini Lu.,Lazio,10,6.1,6,0,0,0,0,0,0,0,2,0,0
5835,D,Dd;Dc,Baschirotto,Lecce,21,5.79,5.74,0,0,0,0,0,0,0,2,0,0
5867,D,Dd;E,Gendrey,Lecce,2,5.25,5.25,0,0,0,0,0,0,0,0,0,0
4502,D,Ds;E,Gallo,Lecce,15,5.93,5.97,0,0,0,0,0,0,2,1,1,0
4904,D,Dc,Mari',Monza,19,5.84,5.74,0,0,0,0,0,0,0,2,1,0
1852,D,E,Spinazzola,Napoli,10,6,6.1,0,0,0,0,0,0,1,0,0,0
5353,D,Dc,Balogh,Parma,19,5.79,5.76,0,0,0,0,0,0,1,3,0,0
4263,D,Dc,Kabasele,Udinese,12,5.75,6,1,0,0,0,0,0,0,0,0,0
5484,D,Dc,Svoboda,Venezia,16,5.69,5.84,1,0,0,0,0,0,0,1,0,0
6480,D,Dd;E,Tchatchoua,Verona,19,5.71,5.79,1,0,0,0,0,0,2,5,1,0
4816,D,B;Dd;Ds,Emerson Royal,Milan,17,5.62,5.47,0,0,0,0,0,0,0,5,0,0
4284,D,E;M,Sergi Roberto,Como,10,6.05,6,0,0,0,0,0,0,1,3,0,0
697,D,E,Cuadrado,Atalanta,7,6,6.21,0,0,0,0,0,0,2,1,0,0
5578,D,Dd;Dc,Kossounou,Atalanta,11,5.95,5.91,0,0,0,0,0,0,0,1,0,0
6896,D,Dd;E,Van Der Brempt,Como,13,5.96,5.92,0,0,0,0,0,0,1,3,0,0
6956,D,Dc,Solet,Udinese,3,6,5.67,0,0,0,0,0,0,0,0,1,0
2640,D,B;Ds;E,Kolasinac,Atalanta,14,6.04,5.79,0,0,0,0,0,0,1,5,0,1
487,D,Dd;E,De Silvestri,Bologna,9,5.94,5.89,0,0,0,0,0,0,0,1,0,0
5435,D,Ds;E,Moreno Alb.,Como,16,5.91,5.78,0,0,0,0,0,0,0,4,0,0
6495,D,Dc,Comuzzo,Fiorentina,18,5.86,5.75,0,0,0,0,0,0,0,4,0,0
252,D,B;Ds;E,Biraghi,Fiorentina,6,5.75,6.17,1,0,0,0,0,0,0,1,0,0
2285,D,Dc,Bani,Genoa,14,5.82,5.75,0,0,0,0,0,0,0,2,0,0
5514,D,Ds;Dc,Vasquez,Genoa,20,5.85,5.7,0,0,0,0,0,0,0,6,0,0
294,D,Dc,Rugani,Juventus,0,0,0,0,0,0,0,0,0,0,0,0,0
6039,D,B;Ds;E,Cabal,Juventus,6,6.33,6.25,0,0,0,0,0,0,0,1,0,0
460,D,Dc,Romagnoli,Lazio,17,5.76,5.68,0,0,0,0,0,0,0,1,1,0
4657,D,Dd;E,Celik,Roma,18,5.69,5.72,0,0,0,0,0,0,1,1,0,0
4994,D,B;Dd;E,Vojvoda,Torino,17,5.82,5.71,0,0,0,0,0,0,0,4,0,0
6673,D,B;Ds;E,Sverko,Venezia,13,5.77,5.88,1,0,0,0,0,0,0,3,0,0
2181,D,Dc,Palomino,Cagliari,8,5.75,6.06,1,0,0,0,0,0,0,1,0,0
6531,D,Dd;Ds;E,Jimenez A.,Milan,6,6.17,6,0,0,0,0,0,0,0,2,0,0
4665,D,Dc,Maripan,Torino,12,5.88,5.79,0,0,0,0,0,0,0,0,1,0
2406,D,Dc,Hummels,Roma,9,6,5.72,0,0,0,0,0,0,0,1,0,1
6975,D,Dd;E,Alberto Costa,Juventus,0,0,0,0,0,0,0,0,0,0,0,0,0
6986,D,B;Dd;E,Rensch,Roma,0,0,0,0,0,0,0,0,0,0,0,0,0
787,D,Dc,Djimsiti,Atalanta,18,5.72,5.5,0,0,0,0,0,0,0,4,0,1
5067,D,E,Bakker,Atalanta,1,6,6,0,0,0,0,0,0,0,0,0,0
5406,D,Dd;E,Di Pardo,Cagliari,0,0,0,0,0,0,0,0,0,0,0,0,0
4374,D,Dc,Walukiewicz,Torino,15,5.8,5.67,0,0,0,0,0,0,0,5,0,0
5450,D,Dd;E,Stojanovic,Empoli,0,0,0,0,0,0,0,0,0,0,0,0,0
6055,D,Dc,Thiaw,Milan,13,5.81,5.62,0,0,0,0,0,0,0,1,0,1
226,D,Dc,Izzo,Monza,18,5.64,5.47,0,0,0,0,0,0,1,8,0,0
4925,D,Ds;Dc,Carboni A.,Monza,17,5.59,5.59,0,0,0,0,0,0,2,4,0,0
6396,D,Dc,Natan,Napoli,0,0,0,0,0,0,0,0,0,0,0,0,0
6256,D,B;Dd;E,Ferreira J.,Udinese,0,0,0,0,0,0,0,0,0,0,0,0,0
5447,D,Dc,Altare,Venezia,12,6,5.75,0,0,0,0,0,0,0,2,0,1
5764,D,Dc,Coppola D.,Verona,17,5.59,5.59,1,0,0,0,0,0,1,8,0,0
2769,D,Dc,Magnani,Verona,14,5.29,5.43,1,0,0,0,0,0,0,2,0,0
4982,D,Dc,Erlic,Bologna,4,6.25,6.25,0,0,0,0,0,0,0,0,0,0
6820,D,E,Sosa B.,Torino,15,5.7,5.7,0,0,0,0,0,0,0,0,0,0
5695,D,Ds;E,Haps,Venezia,13,5.73,5.65,0,0,0,0,0,0,0,2,0,0
6426,D,E,Pedersen,Torino,16,5.66,5.56,0,0,0,0,0,0,0,3,0,0
6883,D,Dc,Jean,Lecce,9,5.83,5.83,0,0,0,0,0,0,0,0,0,0
5626,D,B;Dd;Ds,Guilbert,Lecce,16,5.62,5.44,0,0,0,0,0,0,0,2,2,0
5532,D,Ds;E,Bradaric,Verona,13,5.46,5.35,0,0,0,0,0,0,0,3,0,0
5900,D,Dc,Toure' I.s.,Udinese,11,5.59,5.41,1,0,0,0,0,0,0,2,2,1
6066,D,Dd;Dc,Posch,Bologna,8,5.75,5.69,0,0,0,0,0,0,0,1,0,0
418,D,Dc,Goldaniga,Como,15,5.73,5.5,0,0,0,0,0,0,0,5,1,0
5739,D,Dd;Dc,De Winter,Genoa,10,5.5,5.6,1,0,0,0,0,0,0,4,0,0
358,D,Dd;Ds;E,De Sciglio,Empoli,6,5.92,5.92,0,0,0,0,0,0,0,0,0,0
327,D,Dd;Dc,Patric,Lazio,8,5.62,5.88,1,0,0,0,0,0,0,2,0,0
140,D,Dd;Ds;E,Hysaj,Lazio,2,6,6,0,0,0,0,0,0,0,0,0,0
256,D,Ds;Dc,Juan Jesus,Napoli,6,5.67,5.58,0,0,0,0,0,0,0,1,0,0
6665,D,Dd;Ds;E,Coulibaly W.,Parma,14,5.54,5.36,0,0,0,0,0,0,1,1,1,1
6533,D,Dc,Giannetti L.,Udinese,11,5.68,5.41,1,0,0,0,0,0,0,4,0,2
6485,D,Dc,Kristensen T.,Udinese,9,5.5,5.33,0,0,0,0,0,0,0,3,0,0
5848,D,Dd;E,Ebosele,Udinese,0,0,0,0,0,0,0,0,0,0,0,0,0
4493,D,Dc,Dawidowicz,Verona,13,5.31,5.04,0,0,0,0,0,0,0,5,1,0
6631,D,Dc,Ghilardi,Verona,11,5.68,5.5,0,0,0,0,0,0,0,4,0,0
1891,D,Dd;Dc,Ceccherini,Verona,0,0,0,0,0,0,0,0,0,0,0,0,0
6021,D,Dd;Dc,Abankwah,Udinese,2,6.25,6,0,0,0,0,0,0,0,1,0,0
6885,D,Dd;E,Abdulhamid,Roma,3,5.67,6,0,0,0,0,0,0,1,0,0,0
5554,D,Dd;Dc,Daniliuc,Verona,10,5.4,5.4,0,0,0,0,0,0,0,0,0,0
6965,D,Ds;E,Lovik,Parma,0,0,0,0,0,0,0,0,0,0,0,0,0
6977,D,Dc,Otoa,Genoa,0,0,0,0,0,0,0,0,0,0,0,0,0
5526,D,Dc,Scalvini,Atalanta,3,5.67,5.33,0,0,0,0,0,0,0,2,0,0
5324,D,B;Dd;Ds,Godfrey,Atalanta,1,6,6,0,0,0,0,0,0,0,0,0,0
6464,D,Dc,Wieteska,Cagliari,5,5.6,5.5,0,0,0,0,0,0,0,1,0,0
6438,D,Dd;Dc,Hatzidiakos,Cagliari,0,0,0,0,0,0,0,0,0,0,0,0,0
6231,D,Dd;Ds;E,Azzi,Cagliari,6,6,5.83,0,0,0,0,0,0,0,2,0,0
134,D,Ds;Dc,Barba,Como,6,5.42,5.42,0,0,0,0,0,0,0,0,0,0
6654,D,Dd;E,Iovine,Como,7,5.64,5.5,0,0,0,0,0,0,0,2,0,0
6660,D,Dc,Marcandalli,Genoa,1,5.5,5.5,0,0,0,0,0,0,0,0,0,0
6244,D,Dc,Matturro,Genoa,8,5.62,5.56,0,0,0,0,0,0,0,1,0,0
357,D,Dd;E,Calabria,Milan,4,5.75,5.75,0,0,0,0,0,0,0,0,0,0
5812,D,Dd;E,Terracciano F.,Milan,6,5.75,5.58,0,0,0,0,0,0,0,2,0,0
2737,D,Dc,Bettella,Monza,0,0,0,0,0,0,0,0,0,0,0,0,0
4958,D,Ds;Dc,Caldirola,Monza,7,5.71,5.64,0,0,0,0,0,0,0,1,0,0
253,D,B;Dd;Ds,D'Ambrosio,Monza,10,5.6,5.4,0,0,0,0,0,0,0,2,1,0
5481,D,E,Mazzocchi,Napoli,6,5.75,5.67,0,0,0,0,0,0,0,1,0,0
4495,D,Dc,Kumbulla,Roma,0,0,0,0,0,0,0,0,0,0,0,0,0
6647,D,Ds;E,Dahl,Roma,2,6,6,0,0,0,0,0,0,0,0,0,0
4458,D,Dd;E,Candela,Venezia,14,5.46,5.25,0,0,0,0,0,0,0,2,0,1
581,D,Dd;E,Faraoni,Verona,4,5.5,5.5,0,0,0,0,0,0,0,0,0,0
6639,D,Ds;E,Frese,Verona,5,5.7,5.7,0,0,0,0,0,0,0,0,0,0
6679,D,Dd;Ds;E,Esteves G.,Udinese,0,0,0,0,0,0,0,0,0,0,0,0,0
6809,D,Dc,Marianucci,Empoli,1,5.5,5.5,0,0,0,0,0,0,0,0,0,0
6887,D,Dc,Leoni,Parma,4,5.75,5.75,0,0,0,0,0,0,0,0,0,0
6149,D,Ds;E,Carboni F.,Venezia,3,5.83,5.67,0,0,0,0,0,0,0,1,0,0
2192,D,Dc,Bonifazi,Lecce,2,5.25,5.25,0,0,0,0,0,0,0,0,0,0
4807,D,Dc,Hermoso,Roma,4,5.12,4.88,0,0,0,0,0,0,0,0,1,0
6916,D,B;Ds;E,Ahanor,Genoa,2,6,6,0,0,0,0,0,0,0,0,0,0
6957,D,Dc,Valentini N.,Fiorentina,0,0,0,0,0,0,0,0,0,0,0,0,0
695,D,Dc,Toloi,Atalanta,2,5.25,5.25,0,0,0,0,0,0,0,0,0,0
6551,D,Dc,Ilic M.,Bologna,0,0,0,0,0,0,0,0,0,0,0,0,0
6407,D,Dd;Ds;E,Corazza,Bologna,0,0,0,0,0,0,0,0,0,0,0,0,0
6636,D,Ds;Dc,Veroli,Cagliari,0,0,0,0,0,0,0,0,0,0,0,0,0
6637,D,Dd;E,Kovacik,Como,0,0,0,0,0,0,0,0,0,0,0,0,0
4386,D,Ds;E,Sala M.,Como,4,5.5,5.25,0,0,0,0,0,0,0,3,0,0
4438,D,Dd;Ds;E,Cassandro,Como,0,0,0,0,0,0,0,0,0,0,0,0,0
5480,D,Dd;E,Ebuehi,Empoli,0,0,0,0,0,0,0,0,0,0,0,0,0
6659,D,Dc,Lucchesi,Venezia,0,0,0,0,0,0,0,0,0,0,0,0,0
5603,D,Dc,Pongracic,Fiorentina,1,4.5,3.5,0,0,0,0,0,0,0,0,1,0
6235,D,Dd;Ds;E,Kayode,Fiorentina,2,5.5,5.5,0,0,0,0,0,0,0,0,0,0
5533,D,Dd;Dc,Djalo',Juventus,0,0,0,0,0,0,0,0,0,0,0,0,0
5498,D,Dc,Casale,Bologna,7,5.57,5.29,0,0,0,0,0,0,0,0,0,1
6638,D,Dc,Marin R.,Napoli,0,0,0,0,0,0,0,0,0,0,0,0,0
142,D,E,Mario Rui,Napoli,0,0,0,0,0,0,0,0,0,0,0,0,0
6663,D,Dc,Circati,Parma,4,5.75,5.62,0,0,0,0,0,0,0,1,0,0
5327,D,Dc,Osorio,Parma,3,5.17,5.17,0,0,0,0,0,0,0,0,0,0
2203,D,Ds;E,Di Chiara,Parma,0,0,0,0,0,0,0,0,0,0,0,0,0
6649,D,Dd;E,Sangare' B.,Roma,0,0,0,0,0,0,0,0,0,0,0,0,0
6474,D,Dc,Sazonov,Empoli,1,5,5,0,0,0,0,0,0,0,0,0,0
6041,D,Dc,Schuurs,Torino,0,0,0,0,0,0,0,0,0,0,0,0,0
5994,D,Ds;Dc,Ebosse,Udinese,2,5.5,5.25,0,0,0,0,0,0,0,1,0,0
6284,D,Dc,Okou,Verona,0,0,0,0,0,0,0,0,0,0,0,0,0
6681,D,Dd;E,Sagrado,Venezia,3,5.5,5.33,0,0,0,0,0,0,0,1,0,0
6803,D,Ds;E,Rouhi,Juventus,3,5.5,5.5,0,0,0,0,0,0,0,0,0,0
6806,D,Dd;Ds;Dc,Pelmard,Lecce,2,5.75,5.5,0,0,0,0,0,0,0,1,0,0
6814,D,Dd;E,Norton-Cuffy,Genoa,3,5.5,5.5,0,0,0,0,0,0,0,0,0,0
6612,D,Dd;Dc,Dellavalle,Torino,0,0,0,0,0,0,0,0,0,0,0,0,0
6826,D,E,Dembele' A.,Torino,4,5.5,5.25,0,0,0,0,0,0,0,0,1,0
6832,D,E,Palestra,Atalanta,0,0,0,0,0,0,0,0,0,0,0,0,0
6892,D,Dd;Dc,Schingtienne,Venezia,1,4.5,4,0,0,0,0,0,0,0,1,0,0
6890,D,Dc,Moreno M.,Fiorentina,1,5,5,0,0,0,0,0,0,0,0,0,0
6874,D,Dc,Palacios T.,Inter,0,0,0,0,0,0,0,0,0,0,0,0,0
5856,D,Dd;E,Sambia,Empoli,1,6,6,0,0,0,0,0,0,0,0,0,0
6496,D,Ds;E,Bartesaghi,Milan,1,4,3,0,0,0,0,0,0,0,0,1,0
464,D,Dd;Ds;E,Florenzi,Milan,0,0,0,0,0,0,0,0,0,0,0,0,0
6978,D,Dc,Lekovic,Monza,0,0,0,0,0,0,0,0,0,0,0,0,0
6985,D,Ds;Dc,Cande',Venezia,0,0,0,0,0,0,0,0,0,0,0,0,0
2423,C,T;A,Pulisic,Milan,16,6.47,7.59,5,0,0,1,1,0,3,0,0,0
2167,C,W,Orsolini,Bologna,16,6.44,7.94,7,0,0,2,2,0,3,0,0,0
632,C,W;A,Zaccagni,Lazio,18,6.36,7.44,6,0,0,2,2,0,4,5,0,0
1870,C,C,Barella,Inter,17,6.47,7.26,3,0,0,0,0,0,5,1,0,0
4777,C,M;C,McTominay,Napoli,18,6.42,7.25,5,0,0,0,0,0,1,2,0,0
4220,C,M;C,Zambo Anguissa,Napoli,21,6.52,7.17,4,0,0,0,0,0,3,3,0,0
6831,C,W;A,Neres,Napoli,17,6.5,7.09,2,0,0,0,0,0,5,2,0,0
6224,C,C,Reijnders,Milan,19,6.32,7.11,5,0,0,0,0,0,2,2,1,0
5564,C,W,Ndoye,Bologna,15,6.43,7.13,3,0,0,1,1,0,2,1,0,0
5393,C,W;A,Man,Parma,20,6.08,6.82,4,0,0,0,0,0,3,0,0,0
4486,C,W,Strefezza,Como,20,6.3,6.85,3,0,0,0,0,0,3,2,0,0
2194,C,M;C,Calhanoglu,Inter,12,6.5,7.33,4,0,0,4,3,1,2,2,0,0
5562,C,M;C,Thuram K.,Juventus,17,6.44,6.91,2,0,0,0,0,0,3,2,0,0
5875,C,M;C,Adli,Fiorentina,17,6.12,6.68,2,0,0,0,0,0,4,1,0,0
6875,C,T;A,Paz N.,Como,18,6.33,6.92,4,0,0,1,0,1,3,3,0,0
2848,C,C;T,Frattesi,Inter,12,6.12,6.96,3,0,0,0,0,0,1,1,0,0
4662,C,W,Weah,Juventus,13,6.35,7.54,5,0,0,0,0,0,1,1,0,0
5119,C,T,Samardzic,Atalanta,18,6.25,6.56,2,0,0,0,0,0,0,1,0,0
5792,C,M;C,Ederson D.s.,Atalanta,21,6.21,6.52,2,0,0,0,0,0,2,3,0,0
4349,C,M;C,Nicolussi Caviglia,Venezia,19,6.18,6.63,3,0,0,0,0,0,2,3,1,0
795,C,W,El Shaarawy,Roma,13,6.23,7.08,3,0,0,0,0,0,3,2,0,0
5685,C,T,Koopmeiners,Juventus,17,6.09,6.44,1,0,0,0,0,0,4,2,0,0
6218,C,W;T;A,Oristanio,Venezia,21,6.19,6.55,2,0,0,0,0,0,3,3,0,0
4965,C,M;C,Marin,Cagliari,18,6.06,6.56,3,0,0,2,2,0,2,4,0,0
2529,C,C,Mkhitaryan,Inter,18,6.22,6.56,1,0,0,0,0,0,4,2,0,0
152,C,C;T,Zielinski,Inter,13,6,6.54,2,0,0,2,2,0,1,0,0,0
4892,C,W,Saelemaekers,Roma,11,6.41,7.41,4,0,0,0,0,0,1,4,0,0
6884,C,W;A,Conceicao,Juventus,13,6.19,6.5,1,0,0,0,0,0,3,2,1,0
5589,C,M;C,Kone' M.,Roma,18,6.22,6.5,2,0,0,0,0,0,1,4,0,0
22,C,M;C,De Roon,Atalanta,20,6.08,6.45,3,0,0,0,0,0,1,5,0,0
788,C,M;C,Freuler,Bologna,20,6.28,6.28,0,0,0,0,0,0,1,2,0,0
4973,C,M;C,McKennie,Juventus,14,6.11,6.61,2,0,0,0,0,0,2,2,0,0
6629,C,C;T,Dele-Bashiru,Lazio,10,6.25,6.85,2,0,0,0,0,0,0,0,0,0
536,C,W,Politano,Napoli,20,6.1,6.38,2,0,0,0,0,0,0,1,0,0
4423,C,C,Hernani,Parma,14,6.14,6.75,3,0,0,3,3,0,1,3,0,0
5687,C,T,Vlasic,Torino,16,6,6.5,2,0,0,1,1,0,2,0,0,0
6020,C,C;W,Ellertsson,Venezia,20,6,6.35,2,0,0,0,0,0,1,0,0,0
6815,C,W;A,Fadera,Como,19,6.11,6.37,1,0,0,0,0,0,2,0,0,0
2766,C,T;A,Zaniolo,Atalanta,12,6.17,6.58,2,0,0,0,0,0,1,4,0,0
4992,C,W,Gyasi,Empoli,21,5.93,6.19,2,0,0,0,0,0,1,3,0,0
5319,C,C,Sohm,Parma,21,6.02,6.38,3,0,0,0,0,0,0,3,0,0
236,C,W,Lazovic,Verona,20,5.92,6.22,1,0,0,1,1,0,3,0,0,0
4686,C,M;C,Fofana Y.,Milan,19,6.08,6.34,1,0,0,0,0,0,4,4,0,0
6889,C,W;T,Anjorin,Empoli,15,6.33,6.47,0,0,0,0,0,0,3,2,0,0
5858,C,C;T,Ferguson,Bologna,5,6.3,6.9,1,0,0,1,1,0,0,0,0,0
5516,C,M;C,Bianco,Monza,19,6.08,6.13,1,0,0,0,0,0,0,4,0,0
5791,C,E;M,Frendrup,Genoa,20,6.1,6.32,2,0,0,0,0,0,0,3,0,0
333,C,M;C,Cataldi,Fiorentina,12,6.04,6.79,3,0,0,0,0,0,0,0,0,0
4186,C,C,Guendouzi,Lazio,21,6.07,6.24,1,0,0,0,0,0,2,3,0,0
6634,C,W,Tete Morente,Lecce,16,5.91,6.47,3,0,0,0,0,0,1,2,0,0
5850,C,C,Lovric,Udinese,20,6,6.15,1,0,0,0,0,0,1,2,0,0
4947,C,M;C,Brescianini,Atalanta,11,6.14,6.95,3,0,0,0,0,0,0,0,0,0
2077,C,C;T,Pasalic,Atalanta,19,5.89,6.08,2,0,0,1,0,1,1,1,0,0
6206,C,C;T,Fabbian,Bologna,12,6.08,6.29,1,0,0,0,0,0,0,2,0,0
6640,C,E;W,Felici,Cagliari,10,6.05,6.3,0,0,0,0,0,0,3,1,0,0
5878,C,T,Colpani,Fiorentina,20,5.82,6.1,2,0,0,0,0,0,0,1,0,0
827,C,M;C,Locatelli,Juventus,18,6.28,6.19,0,0,0,0,0,0,1,5,0,0
5813,C,C;T,Miretti,Genoa,15,5.9,6.3,1,0,0,0,0,0,3,0,0,0
4896,C,T;A,Maldini,Monza,19,5.97,6.32,3,0,0,0,0,0,0,5,0,0
4364,C,T,Gaetano,Cagliari,16,6,6.25,1,0,0,0,0,0,1,0,0,0
5423,C,M;C,Bove,Fiorentina,11,6.32,6.64,1,0,0,0,0,0,2,3,0,0
468,C,M;C,Paredes,Roma,10,6.25,6.5,1,0,0,1,1,0,1,3,0,0
530,C,C;T,Pellegrini Lo.,Roma,17,5.62,5.79,1,0,0,0,0,0,1,2,0,0
5453,C,M;C,Ricci S.,Torino,22,6.14,6.23,1,0,0,0,0,0,1,4,0,0
6674,C,M;C,Andersen M.K.,Venezia,13,5.96,6.23,1,0,0,0,0,0,1,1,0,0
6190,C,C,Pisilli,Roma,15,6.03,6.33,2,0,0,0,0,0,1,5,0,0
6967,C,W;A,Diao,Como,2,6.75,8,1,0,0,0,0,0,0,1,0,0
5559,C,W;T,Da Cunha,Como,18,6.03,6.14,1,0,0,0,0,0,0,2,0,0
2839,C,W,Sottil,Fiorentina,15,6,6.23,1,0,0,0,0,0,1,1,0,0
170,C,M;C,Badelj,Genoa,18,6,6.11,1,0,0,0,0,0,0,2,0,0
4911,C,C,Douglas Luiz,Juventus,11,5.82,5.73,0,0,0,0,0,0,0,2,0,0
6170,C,C,Gineitis,Torino,14,6.04,6.32,1,0,0,0,0,0,1,0,0,0
5507,C,C,Busio,Venezia,18,5.94,6.03,1,0,0,0,0,0,0,3,0,0
440,C,C;T,Viola,Cagliari,15,5.83,6,1,0,0,0,0,0,0,1,0,0
6010,C,C;T,Fazzini,Empoli,11,6.32,6.23,0,0,0,0,0,0,0,2,0,0
4459,C,M;C,Rovella,Lazio,18,6.17,5.97,0,0,0,0,0,0,1,9,0,0
181,C,M;C,Vecino,Lazio,9,6.17,6.5,1,0,0,0,0,0,1,2,0,0
4199,C,C;T,Loftus-Cheek,Milan,12,5.96,5.92,0,0,0,0,0,0,0,1,0,0
4287,C,M;C,Lobotka,Napoli,17,6.12,6.12,0,0,0,0,0,0,1,2,0,0
6666,C,C;T,Bernabe',Parma,11,6.32,6.27,0,0,0,0,0,0,0,1,0,0
779,C,M;C,Cristante,Roma,13,6,6.15,1,0,0,0,0,0,1,4,0,0
5823,C,T;A,Baldanzi,Roma,12,5.96,6.25,1,0,0,0,0,0,1,1,0,0
5007,C,C,Ilic,Torino,12,6.08,6.21,1,0,0,0,0,0,0,3,0,0
1976,C,M;C,Mazzitelli,Como,8,6,6.44,1,0,0,0,0,0,1,1,0,0
4498,C,C;T,Henderson L.,Empoli,18,6.06,6.03,0,0,0,0,0,0,2,5,0,0
5719,C,M;C,Asllani,Inter,9,6.17,6.28,0,0,0,0,0,0,2,2,0,0
4856,C,W;A,Chukwueze,Milan,11,5.82,6.09,1,0,0,0,0,0,0,0,0,0
2117,C,C;T,Kastanos,Verona,14,5.86,6.04,1,0,0,0,0,0,0,1,0,0
5688,C,W;T,Harroui,Verona,10,5.95,6.4,1,0,0,0,0,0,2,1,0,0
6676,C,M;C,Engelhardt,Como,12,5.88,6.08,1,0,0,0,0,0,1,3,0,0
6684,C,C;T,Ekkelenkamp,Udinese,17,5.94,6.03,0,0,0,0,0,0,2,1,0,0
4522,C,M;C,Amrabat,Fiorentina,2,5.75,5.75,0,0,0,0,0,0,0,0,0,0
6821,C,E;C,Hainaut,Parma,14,5.79,5.96,1,0,0,0,0,0,0,1,0,0
5036,C,C,Caqueret,Como,1,6.5,6.5,0,0,0,0,0,0,0,0,0,0
4677,C,W;A,Cornet,Genoa,0,0,0,0,0,0,0,0,0,0,0,0,0
6394,C,M;C,Ramadani,Lecce,17,5.79,5.82,0,0,0,0,0,0,1,1,0,0
5457,C,C,Maleh,Empoli,17,5.94,5.94,0,0,0,0,0,0,1,2,0,0
5298,C,M;C,Pobega,Bologna,9,5.89,6.17,2,0,0,0,0,0,0,3,2,0
5880,C,E;W,Ciurria,Monza,5,6.1,6.8,1,0,0,0,0,0,1,1,0,0
5992,C,M;C,Bondo,Monza,19,5.97,5.84,0,0,0,0,0,0,0,3,1,0
5504,C,M;C,Coulibaly L.,Lecce,20,5.88,5.82,0,0,0,0,0,0,0,2,0,0
6984,C,W;A,Ondrejka,Parma,0,0,0,0,0,0,0,0,0,0,0,0,0
6054,C,M;C,Moro N.,Bologna,10,6.05,6.15,0,0,0,0,0,0,1,0,0,0
5425,C,C;W;T,Urbanski,Monza,5,6,6.4,1,0,0,0,0,0,0,2,0,0
4870,C,M;C,Adopo,Cagliari,19,5.82,5.76,0,0,0,0,0,0,1,2,1,0
4658,C,W,Ikone',Fiorentina,13,5.85,5.85,0,0,0,0,0,0,0,0,0,0
2741,C,M;C,Pessina,Monza,11,6.09,6,0,0,0,0,0,0,0,2,0,0
2008,C,M;C,Linetty,Torino,16,5.81,5.84,1,0,0,0,0,0,0,5,0,0
4890,C,M;C,Tameze,Torino,12,6,5.96,0,0,0,0,0,0,0,2,0,0
6481,C,C,Payero,Udinese,12,5.96,6.12,1,0,0,0,0,0,0,2,0,0
5492,C,M;C,Tessmann,Venezia,0,0,0,0,0,0,0,0,0,0,0,0,0
6191,C,M;C,Belahyane,Verona,20,5.82,5.78,0,0,0,0,0,0,2,4,1,0
4342,C,M;C,Duda,Verona,15,5.97,5.83,0,0,0,0,0,0,2,6,1,0
6458,C,M;C,Serdar,Verona,12,5.62,5.79,1,0,0,0,0,0,1,2,1,0
6680,C,M;C,Karlstrom,Udinese,21,5.83,5.74,0,0,0,0,0,0,0,4,0,0
6151,C,M;C,Perrone,Como,9,6,6.06,0,0,0,0,0,0,1,1,0,0
6904,C,W;T,Yeboah J.,Venezia,14,5.89,5.86,0,0,0,0,0,0,1,3,0,0
6920,C,E;W,Martins K.,Monza,3,6.17,6.5,0,0,0,0,0,0,1,0,0,0
6459,C,W;A,Karlsson,Lecce,8,5.75,6.06,1,0,0,0,0,0,0,1,0,0
1871,C,M;C,Deiola,Cagliari,14,5.86,5.82,0,0,0,0,0,0,1,3,0,0
6232,C,M;C,Makoumbou,Cagliari,17,5.62,5.62,0,0,0,0,0,0,1,0,1,0
27,C,M;C,Grassi,Empoli,13,5.92,5.77,0,0,0,0,0,0,0,4,0,0
1933,C,M;C,Mandragora,Fiorentina,10,5.9,5.9,0,0,0,0,0,0,1,3,0,0
2172,C,T,Barak,Fiorentina,1,5.5,5.5,0,0,0,0,0,0,0,0,0,0
4404,C,C,Thorsby,Genoa,19,5.76,5.74,0,0,0,0,0,0,1,3,0,0
5919,C,W,Tchaouna,Lazio,14,5.64,5.71,1,0,0,0,0,0,0,2,1,0
6222,C,C;T,Rafia,Lecce,17,5.79,5.68,0,0,0,0,0,0,0,4,0,0
5295,C,C;W,Musah,Milan,13,5.85,5.85,0,0,0,0,0,0,1,2,0,0
6486,C,W;T,Suslov,Verona,18,5.78,5.64,0,0,0,0,0,0,0,3,1,0
6804,C,M;C,Richardson,Fiorentina,13,5.81,5.69,0,0,0,0,0,0,0,3,0,0
6015,C,C;T,Berisha M.,Lecce,4,6.25,6.5,0,0,0,0,0,0,1,0,0,0
6112,C,W,Iling Junior,Bologna,4,6,6.75,1,0,0,0,0,0,0,0,0,0
6969,C,C;T,Billing,Napoli,0,0,0,0,0,0,0,0,0,0,0,0,0
4970,C,C;W,Messias,Genoa,5,6.1,6.1,1,0,0,1,0,1,0,0,0,0
4427,C,C;T,Malinovskyi,Genoa,5,6.2,6.1,0,0,0,0,0,0,0,1,0,0
6633,C,M;C,Pierret,Lecce,16,5.75,5.69,0,0,0,0,0,0,0,2,0,0
5421,C,C;T,Camara D.,Parma,7,6.07,6,0,0,0,0,0,0,0,1,0,0
6212,C,M;C,Zarraga,Udinese,11,5.82,5.82,0,0,0,0,0,0,0,0,0,0
6898,C,M;C,Keita M.,Parma,13,5.54,5.38,0,0,0,0,0,0,1,4,1,0
6908,C,M;C,Atta,Udinese,8,5.94,5.88,0,0,0,0,0,0,0,1,0,0
6492,C,W;T,Ibrahimovic A.,Lazio,0,0,0,0,0,0,0,0,0,0,0,0,0
5784,C,C;T,Aebischer,Bologna,7,5.86,5.86,0,0,0,0,0,0,0,0,0,0
2161,C,M;C,Haas,Empoli,6,6.08,6,0,0,0,0,0,0,0,1,0,0
4711,C,E;W,Kostic,Juventus,0,0,0,0,0,0,0,0,0,0,0,0,0
4465,C,C;T,Fagioli,Juventus,10,5.7,5.5,0,0,0,0,0,0,0,4,0,0
6410,C,M;C,Kaba,Lecce,5,5.8,5.7,0,0,0,0,0,0,0,1,0,0
2818,C,M;C,Bennacer,Milan,4,5.88,5.62,0,0,0,0,0,0,0,2,0,0
6402,C,M;C,Cajuste,Napoli,0,0,0,0,0,0,0,0,0,0,0,0,0
6252,C,C;T,Folorunsho,Fiorentina,3,5.83,5.67,0,0,0,0,0,0,0,1,0,0
6299,C,C;T,Le Fee,Roma,5,6,5.9,0,0,0,0,0,0,0,1,0,0
5422,C,W,Zalewski,Roma,8,5.75,5.88,0,0,0,0,0,0,1,0,0,0
526,C,C,Duncan,Venezia,11,5.77,5.73,0,0,0,0,0,0,0,1,0,0
6683,C,M;C,Doumbia I.,Venezia,7,5.79,5.79,0,0,0,0,0,0,0,0,0,0
1978,C,C;T,Sensi,Monza,3,5.83,5.83,0,0,0,0,0,0,0,0,0,0
6900,C,E;W,Rui Modesto,Udinese,3,6,6,0,0,0,0,0,0,0,0,0,0
5131,C,M;C,Gilmour,Napoli,6,5.92,5.92,0,0,0,0,0,0,0,0,0,0
6917,C,C,Masini,Genoa,1,6.5,9.5,1,0,0,0,0,0,0,0,0,0
2553,C,T,Alli,Como,0,0,0,0,0,0,0,0,0,0,0,0,0
6424,C,M;C,Prati,Cagliari,4,5.75,5.62,0,0,0,0,0,0,0,1,0,0
6656,C,M;C,Braunoder,Como,4,5.12,4.75,0,0,0,0,0,0,0,1,1,0
376,C,W;T,Verdi,Como,4,5.75,5.62,0,0,0,0,0,0,0,1,0,0
5798,C,M;C,Bohinen,Genoa,2,5,5,0,0,0,0,0,0,0,0,0,0
5286,C,M;C,Akpa Akpro,Monza,3,5.5,5.33,0,0,0,0,0,0,0,1,0,0
4377,C,C;T,Castrovilli,Lazio,3,5.83,5.83,0,0,0,0,0,0,0,0,0,0
6061,C,W;T,Oudin,Lecce,6,5.58,5.5,0,0,0,0,0,0,0,1,0,0
666,C,C,Machin,Monza,0,0,0,0,0,0,0,0,0,0,0,0,0
5879,C,T;A,Vignato S.,Monza,7,5.79,5.79,0,0,0,0,0,0,0,0,0,0
5486,C,C,Crnigoj,Venezia,5,5.9,5.9,0,0,0,0,0,0,0,0,0,0
5485,C,C;W,Bjarkason,Venezia,2,5.75,5.5,0,0,0,0,0,0,0,1,0,0
6562,C,M;C,Dani Silva,Verona,6,5.33,5.25,0,0,0,0,0,0,0,1,0,0
6579,C,W,Mitrovic S.,Verona,0,0,0,0,0,0,0,0,0,0,0,0,0
5998,C,E;W,Zerbin,Venezia,1,6,6,0,0,0,0,0,0,0,0,0,0
5872,C,C;T,Helgason,Lecce,1,6.5,6.5,0,0,0,0,0,0,0,0,0,0
4886,C,W;T,Pereiro,Genoa,1,6,6,0,0,0,0,0,0,0,0,0,0
6963,C,M;C,Conde',Venezia,0,0,0,0,0,0,0,0,0,0,0,0,0
6024,C,M;C,Sulemana I.,Atalanta,1,6,6,0,0,0,0,0,0,0,0,0,0
6225,C,M;C,El Azzouzi,Bologna,0,0,0,0,0,0,0,0,0,0,0,0,0
1987,C,E;C,Jankto,Cagliari,0,0,0,0,0,0,0,0,0,0,0,0,0
6162,C,M;C,Abildgaard,Como,0,0,0,0,0,0,0,0,0,0,0,0,0
556,C,M;C,Baselli,Como,1,6,6,0,0,0,0,0,0,0,0,0,0
6655,C,M;C,Bellemo,Como,0,0,0,0,0,0,0,0,0,0,0,0,0
5725,C,M;C,Kone B.,Como,1,6,6,0,0,0,0,0,0,0,1,0,0
6203,C,M;C,Belardinelli,Empoli,0,0,0,0,0,0,0,0,0,0,0,0,0
6009,C,M;C,Degli Innocenti,Empoli,0,0,0,0,0,0,0,0,0,0,0,0,0
5873,C,W,Listkowski,Lecce,0,0,0,0,0,0,0,0,0,0,0,0,0
6645,C,T,Marchwinski,Lecce,0,0,0,0,0,0,0,0,0,0,0,0,0
6524,C,C;T,Zeroli,Milan,0,0,0,0,0,0,0,0,0,0,0,0,0
801,C,M;C,Gagliardini,Monza,3,5.5,5.33,0,0,0,0,0,0,0,1,0,0
2274,C,C;T,Valoti,Monza,1,6,5.5,0,0,0,0,0,0,0,1,0,0
6592,C,W;T,Forson O.,Monza,2,5.5,5.5,0,0,0,0,0,0,0,0,0,0
2357,C,M;C,Cyprien,Parma,2,5.75,5.75,0,0,0,0,0,0,0,0,0,0
5290,C,M;C,Estevez,Parma,6,5.75,5.58,0,0,0,0,0,0,0,2,0,0
434,C,M;C,Jajalo,Venezia,0,0,0,0,0,0,0,0,0,0,0,0,0
6233,C,C,Lella,Venezia,0,0,0,0,0,0,0,0,0,0,0,0,0
4376,C,C;T,Zurkowski,Empoli,0,0,0,0,0,0,0,0,0,0,0,0,0
6677,C,T,Adzic,Juventus,1,6,6,0,0,0,0,0,0,0,0,0,0
6678,C,W;T,Liberali,Milan,1,6,6,0,0,0,0,0,0,0,0,0,0
6532,C,E;W,Buchanan T.,Inter,2,5.75,5.75,0,0,0,0,0,0,0,0,0,0
6819,C,T,El Haddad,Venezia,0,0,0,0,0,0,0,0,0,0,0,0,0
6834,C,C,Cassa,Atalanta,0,0,0,0,0,0,0,0,0,0,0,0,0
6839,C,C;T,Byar,Bologna,0,0,0,0,0,0,0,0,0,0,0,0,0
6618,C,W;T,Cisse' A.,Verona,0,0,0,0,0,0,0,0,0,0,0,0,0
6048,C,W,Alidou,Verona,2,5.5,5.5,0,0,0,0,0,0,0,0,0,0
6872,C,C;T,Manzoni,Atalanta,0,0,0,0,0,0,0,0,0,0,0,0,0
6897,C,C;T,Kouda,Parma,0,0,0,0,0,0,0,0,0,0,0,0,0
6891,C,M;C,Vos,Milan,0,0,0,0,0,0,0,0,0,0,0,0,0
6903,C,C;T,Hasa,Napoli,0,0,0,0,0,0,0,0,0,0,0,0,0
4285,C,M;C,Arthur Melo,Juventus,0,0,0,0,0,0,0,0,0,0,0,0,0
5674,C,C,Basic,Lazio,0,0,0,0,0,0,0,0,0,0,0,0,0
6922,C,M;C,Kasa,Genoa,0,0,0,0,0,0,0,0,0,0,0,0,0
2121,C,C;T,Melegoni,Genoa,3,6,6,0,0,0,0,0,0,0,0,0,0
5824,C,T;A,Pafundi,Udinese,0,0,0,0,0,0,0,0,0,0,0,0,0
4871,A,Pc,Thuram,Inter,20,6.62,8.7,13,0,0,0,0,0,3,1,0,0
4730,A,A,Lookman,Atalanta,18,6.58,8.42,10,0,0,1,1,0,4,2,0,0
6228,A,Pc,Retegui,Atalanta,19,6.53,8.82,14,0,0,2,2,0,2,1,0,0
4661,A,Pc,Osimhen,Napoli,0,0,0,0,0,0,0,0,0,0,0,0,0
2097,A,Pc,Kean,Fiorentina,19,6.39,8.11,12,0,0,2,1,1,1,3,0,0
2764,A,Pc,Martinez L.,Inter,18,6.31,7.75,8,0,0,0,0,0,2,0,0,0
2531,A,Pc,Lukaku,Napoli,19,6.26,7.61,8,0,0,3,2,1,5,1,0,0
2841,A,Pc,Vlahovic,Juventus,16,6.09,7.38,7,0,0,4,4,0,1,3,0,0
5839,A,A,Kvaratskhelia,Napoli,17,6.21,7.24,5,0,0,1,1,0,3,1,0,0
309,A,A,Dybala,Roma,17,6.44,7.38,5,0,0,2,2,0,2,2,0,0
6226,A,Pc,Castellanos,Lazio,18,6.33,7.19,7,0,0,3,2,1,1,5,1,0
5672,A,Pc,Dia,Lazio,18,6.25,7.36,6,0,0,0,0,0,3,2,0,0
5995,A,A,De Ketelaere,Atalanta,19,6.24,7.16,5,0,0,0,0,0,3,1,0,0
6572,A,Pc,Castro S.,Bologna,19,6.34,7.13,6,0,0,1,0,1,4,4,0,1
4463,A,A,Esposito Se.,Empoli,17,6.47,7.68,8,0,0,2,1,1,0,1,0,0
6434,A,A,Yildiz,Juventus,21,6.38,7.05,4,0,0,0,0,0,2,0,0,0
4510,A,A,Leao,Milan,18,6.19,7.03,4,0,0,0,0,0,4,2,0,0
6675,A,Pc,Dovbyk,Roma,19,5.97,7.18,7,0,0,1,1,0,2,0,0,0
6646,A,A,Adams C.,Torino,20,6.15,7.25,7,0,0,0,0,0,2,2,0,0
6409,A,A,Beltran L.,Fiorentina,15,6.13,6.97,3,0,0,2,2,0,4,1,0,0
313,A,Pc,Morata,Milan,15,6.13,6.97,5,0,0,0,0,0,0,5,0,0
2369,A,A,Thauvin,Udinese,17,6.21,6.91,5,0,0,2,0,2,3,0,0,0
6215,A,Pc,Lucca,Udinese,20,6.05,6.98,7,0,0,0,0,0,0,5,0,0
6801,A,Pc,Tengstedt,Verona,18,5.94,6.94,6,0,0,1,1,0,1,2,0,0
2038,A,Pc,Pinamonti,Genoa,20,5.98,6.85,6,0,0,0,0,0,1,3,0,0
2765,A,A,Odgaard,Bologna,17,6.18,6.91,4,0,0,0,0,0,1,1,0,0
2155,A,Pc,Cutrone,Como,21,6.07,6.88,6,0,0,1,0,1,2,0,0,0
5800,A,A,Gudmundsson A.,Fiorentina,9,5.94,6.94,3,0,0,2,2,0,0,0,0,0
608,A,Pc,Zapata D.,Torino,7,6.57,7.79,3,0,0,0,0,0,0,1,0,0
2002,A,A,Chiesa,Juventus,0,0,0,0,0,0,0,0,0,0,0,0,0
5471,A,Pc,Djuric,Parma,18,6,6.64,4,0,0,0,0,0,1,3,0,0
5079,A,Pc,Pohjanpalo,Venezia,19,6.05,6.84,6,0,0,4,3,1,0,0,0,0
4359,A,Pc,Piccoli,Cagliari,22,5.95,6.57,5,0,0,1,1,0,0,3,0,0
5882,A,A,Mota,Monza,16,6.06,6.75,4,0,0,0,0,0,0,2,0,0
4923,A,Pc,Colombo,Empoli,20,5.98,6.62,4,0,0,1,1,0,2,2,0,0
6630,A,Pc,Mosquera,Verona,17,5.97,6.71,4,0,0,0,0,0,1,1,0,0
6435,A,Pc,Krstovic,Lecce,21,5.93,6.64,6,0,0,2,1,1,1,2,0,0
6669,A,Pc,Bonny,Parma,21,6.02,6.45,4,0,0,2,1,1,1,2,0,0
5951,A,Pc,Kolo Muani,Juventus,0,0,0,0,0,0,0,0,0,0,0,0,0
2489,A,A,Pedro,Lazio,13,6.04,6.69,3,0,0,0,0,0,0,1,0,0
2137,A,Pc,Scamacca,Atalanta,0,0,0,0,0,0,0,0,0,0,0,0,0
6159,A,A,Sarr A.,Verona,12,5.88,6.62,3,0,0,0,0,0,0,0,0,0
6398,A,W;A,Isaksen,Lazio,21,6.02,6.26,2,0,0,0,0,0,1,4,0,0
6556,A,A,Noslin,Lazio,10,6.1,6.7,2,0,0,0,0,0,1,2,0,0
6833,A,A,Mbangula,Juventus,11,6.5,7.5,3,0,0,0,0,0,2,1,0,0
6895,A,A,Dominguez B.,Bologna,7,6.64,7.64,2,0,0,0,0,0,1,0,0,0
6643,A,Pc,Dallinga,Bologna,11,6.09,6.59,2,0,0,0,0,0,0,1,0,0
4179,A,A,Gonzalez N.,Juventus,7,6.07,6.64,1,0,0,0,0,0,1,0,0,0
1958,A,A,Caprari,Monza,18,6,6.33,2,0,0,2,2,0,1,2,0,0
6229,A,Pc,Toure' E.,Atalanta,0,0,0,0,0,0,0,0,0,0,0,0,0
441,A,Pc,Belotti,Como,11,6,6.5,2,0,0,0,0,0,0,1,0,0
5637,A,Pc,Davis K.,Udinese,11,6.09,6.64,2,0,0,0,0,0,1,2,0,0
6207,A,W;A,Almqvist,Parma,17,5.91,6.12,1,0,0,0,0,0,1,1,0,0
2061,A,Pc,Simeone,Napoli,12,6,6.33,1,0,0,0,0,0,1,0,0,0
2544,A,Pc,Abraham,Milan,13,5.81,6.19,2,0,0,2,1,1,2,0,0,0
6549,A,W;A,Pierotti,Lecce,19,5.87,6.16,2,0,0,0,0,0,1,3,0,0
6670,A,Pc,Charpentier,Parma,9,6.17,6.67,1,0,0,0,0,0,2,1,0,0
2103,A,Pc,Pellegri,Empoli,9,6.11,6.94,3,0,0,0,0,0,0,3,0,0
5297,A,A,Luvumbo,Cagliari,16,5.88,6.06,1,0,0,0,0,0,1,2,0,0
5500,A,W;A,Cancellieri,Parma,18,5.75,6,2,0,0,0,0,0,0,1,1,0
6439,A,Pc,Cheddira,Napoli,0,0,0,0,0,0,0,0,0,0,0,0,0
6822,A,Pc,Ekhator,Genoa,8,6,6.44,1,0,0,0,0,0,1,1,0,0
6914,A,A,Haj Mohamed,Parma,7,6.07,6.43,1,0,0,0,0,0,0,2,0,0
6628,A,Pc,Taremi,Inter,10,6,6.1,0,0,0,0,0,0,1,0,0,0
6227,A,A,Okafor,Milan,10,5.8,6.1,1,0,0,0,0,0,0,0,0,0
5322,A,W;A,Mihaila,Parma,18,5.75,5.86,0,0,0,0,0,0,3,2,0,0
6213,A,A,Brenner,Udinese,6,5.92,6.75,1,0,0,0,0,0,2,0,0,0
696,A,Pc,Balotelli,Genoa,3,6,5.83,0,0,0,0,0,0,0,2,0,0
5336,A,Pc,Nzola,Fiorentina,0,0,0,0,0,0,0,0,0,0,0,0,0
5506,A,A,Ekuban,Genoa,6,5.92,6.42,1,0,0,0,0,0,0,0,0,0
6164,A,Pc,Vitinha O.,Genoa,12,5.83,5.96,0,0,0,0,0,0,2,1,0,0
5734,A,W;A,Soule',Roma,8,5.81,6.12,1,0,0,0,0,0,0,1,0,0
479,A,Pc,Sanabria,Torino,14,5.68,5.86,2,0,0,1,0,1,0,1,0,0
6644,A,Pc,Rocha Livramento,Verona,15,5.7,5.87,1,0,0,0,0,0,1,1,1,0
495,A,A,Correa,Inter,4,6.75,7.88,1,0,0,0,0,0,2,1,0,0
2325,A,A,Karamoh,Torino,10,6,6.1,0,0,0,0,0,0,1,0,0,0
5311,A,Pc,Shomurodov,Roma,4,6.25,7.25,1,0,0,0,0,0,1,1,0,0
186,A,A,Rebic,Lecce,13,5.85,5.88,1,0,0,0,0,0,0,3,1,0
2819,A,Pc,Caputo,Empoli,0,0,0,0,0,0,0,0,0,0,0,0,0
2762,A,A,Kouame',Fiorentina,14,5.79,5.82,0,0,0,0,0,0,1,1,0,0
4268,A,Pc,Arnautovic,Inter,5,6.1,6.2,0,0,0,0,0,0,1,1,0,0
6001,A,W;A,Banda,Lecce,10,5.9,5.95,0,0,0,0,0,0,1,1,0,0
6653,A,A,Bravo,Udinese,7,6.07,6.36,1,0,0,0,0,0,0,2,0,0
247,A,Pc,Pavoletti,Cagliari,7,5.79,6.07,1,0,0,0,0,0,0,2,0,0
6657,A,Pc,Gabrielloni,Como,3,6.67,7.83,1,0,0,0,0,0,1,1,0,0
4371,A,A,Raspadori,Napoli,6,5.67,6.08,1,0,0,0,0,0,0,1,0,0
1842,A,A,Pierini,Venezia,2,5.75,5.75,0,0,0,0,0,0,0,0,0,0
6558,A,W;A,Tavsan,Verona,0,0,0,0,0,0,0,0,0,0,0,0,0
2475,A,A,Sanchez,Udinese,2,5.75,5.75,0,0,0,0,0,0,0,0,0,0
6011,A,A,Ekong,Empoli,8,5.94,5.94,0,0,0,0,0,0,0,1,0,0
6827,A,A,Njie,Torino,8,6,5.94,0,0,0,0,0,0,0,1,0,0
4436,A,A,Cambiaghi,Bologna,1,6,6,0,0,0,0,0,0,0,0,0,0
1939,A,Pc,Lapadula,Cagliari,10,5.75,5.7,0,0,0,0,0,0,0,1,0,0
6395,A,A,Shpendi S.,Empoli,0,0,0,0,0,0,0,0,0,0,0,0,0
6519,A,Pc,Camarda,Milan,4,5.75,5.75,0,0,0,0,0,0,0,0,0,0
6667,A,A,Benedyczak,Parma,5,5.7,5.7,0,0,0,0,0,0,0,0,0,0
5676,A,A,Success,Udinese,0,0,0,0,0,0,0,0,0,0,0,0,0
6119,A,A,Solbakken,Empoli,13,5.69,5.65,0,0,0,0,0,0,0,1,0,0
6598,A,Pc,Mutandwa,Cagliari,2,6,6,0,0,0,0,0,0,0,0,0,0
6418,A,Pc,Burnete,Lecce,1,5.5,5.5,0,0,0,0,0,0,0,0,0,0
6145,A,W;A,Ngonge,Napoli,3,5.83,5.67,0,0,0,0,0,0,0,1,0,0
6668,A,A,Partipilo,Parma,0,0,0,0,0,0,0,0,0,0,0,0,0
5881,A,Pc,Gytkjaer,Venezia,6,5.67,5.67,0,0,0,0,0,0,0,0,0,0
306,A,Pc,Cerri,Como,3,5.17,5.17,0,0,0,0,0,0,0,0,0,0
6913,A,A,Lambourde,Verona,2,6.25,7.75,1,0,0,0,0,0,0,1,0,0
6648,A,W;A,Jasim,Como,0,0,0,0,0,0,0,0,0,0,0,0,0
6658,A,Pc,Gioacchini,Como,0,0,0,0,0,0,0,0,0,0,0,0,0
6565,A,Pc,Ankeye,Genoa,1,6,6,0,0,0,0,0,0,0,0,0,0
2012,A,Pc,Milik,Juventus,0,0,0,0,0,0,0,0,0,0,0,0,0
2438,A,Pc,Jovic,Milan,2,5.25,5,0,0,0,0,0,0,0,1,0,0
383,A,Pc,Petagna,Monza,3,5.33,5.17,0,0,0,0,0,0,0,1,0,0
6603,A,A,Joao Costa,Roma,0,0,0,0,0,0,0,0,0,0,0,0,0
6635,A,Pc,Pizarro,Udinese,0,0,0,0,0,0,0,0,0,0,0,0,0
6490,A,Pc,Cruz,Verona,0,0,0,0,0,0,0,0,0,0,0,0,0
5436,A,Pc,Raimondo,Venezia,1,6,6,0,0,0,0,0,0,0,0,0,0
6250,A,Pc,Maric,Monza,1,6,6,0,0,0,0,0,0,0,0,0,0
6910,A,A,Kowalski,Parma,0,0,0,0,0,0,0,0,0,0,0,0,0
6912,A,Pc,Vlahovic V.,Atalanta,1,6,6,0,0,0,0,0,0,0,0,0,0
537,A,A,Sansone,Lecce,0,0,0,0,0,0,0,0,0,0,0,0,0
